eventID;lnr;;period;dam;prove;N_daph;N_cop;N_naup;N_bos;l_daph_mm;l_cop_mm;l_naup_mm;l_bos_mm;m_daph_ug;m_cop_ug;m_naup_ug;m_bos_ug;B_daph_ugL;B_cop_ugL;B_naup_ugL;B_bos_ugL;period;dam;prove;N_daph_1;N_cop_1;N_naup_1;N_bos_1;B_daph_ugL_1;B_cop_ugL_1;B_naup_ugL_1;B_bos_ugL_1;comments;
95f1804f-fe4a-4cb1-9549-f40a33008664;1;07.08.2013;4;1;1;2;53;61;0;0.417;0.79;0.397;NA;1.481;5.516;1.664;NA;0.148085389;14.61721166;5.076181219;0;4;1;1;11;102;43;0;2.56965285;29.32534301;3.180135685;0;NA;
aacf0c92-a45e-4a4f-9e56-6f05ac387983;2;07.08.2013;4;1;2;1;40;4;0;0.417;0.79;0.397;NA;1.481;5.516;1.664;NA;0.074042695;11.03185786;0.332864342;0;4;1;2;11;100;55;0;2.56965285;28.75033629;4.067615411;0;NA;
c0470d10-2e97-4434-b5b4-aea6a8af3a60;3;07.08.2013;4;1;3;0;23;13;0;0.417;0.79;0.397;NA;NA;5.516;1.664;NA;0;6.343318267;1.081809112;0;4;1;3;7;125;40;0;1.635233632;35.93792036;2.958265754;0;NA;
371bd09c-1815-49c9-a0f2-abd67eba0cff;4;07.08.2013;4;2;1;0;0;0;8;NA;NA;NA;0.598;NA;NA;NA;11.137;0;0;0;4.454909166;4;2;1;0;0;0;2;0;0;0;1.527461874;NA;
3aae1407-3ffe-40a6-aaca-58e139b22c01;5;07.08.2013;4;2;2;0;0;0;1;NA;NA;NA;0.598;NA;NA;NA;11.137;0;0;0;0.556863646;4;2;2;0;0;0;5;0;0;0;3.818654684;NA;
545e897d-954e-43fa-9a3f-34911a3edb84;6;07.08.2013;4;2;3;0;0;0;33;NA;NA;NA;0.598;NA;NA;NA;11.137;0;0;0;18.37650031;4;2;3;0;5;0;3;0;0.999893368;0;2.29119281;NA;
da7d48d8-b5ec-4fa0-a21c-ded56e9ecb62;7;06.08.2013;4;3;1;0;72;21;0;NA;0.718;0.409;NA;NA;4.989;1.675;NA;0;17.95998159;1.758272844;0;4;3;1;0;105;47;0;0;26.05147227;3.725836731;0;NA;
24fc91fb-10ab-496e-abd0-6dbf00136cf3;8;06.08.2013;4;3;2;0;106;31;0;NA;0.718;0.409;NA;NA;4.989;1.675;NA;0;26.44108401;2.595545627;0;4;3;2;0;105;46;0;0;26.05147227;3.646563609;0;NA;
52330816-667f-45c6-a90e-bd7d814ede30;9;06.08.2013;4;3;3;0;91;64;0;NA;0.718;0.409;NA;NA;4.989;1.675;NA;0;22.69942118;5.358545811;0;4;3;3;0;45;45;0;0;11.16491669;3.567290487;0;NA;
0afba290-c936-45e5-a4f3-9dfff25de836;10;06.08.2013;4;4;1;0;15;0;0;NA;0.349;NA;NA;NA;2.352;NA;NA;0;1.764137959;0;0;4;4;1;0;5;0;0;0;0.867980247;0;0;NA;
2d0829f4-b3b9-4db5-87a1-322df0eb0323;11;06.08.2013;4;4;2;0;0;0;0;NA;0.349;NA;NA;NA;NA;NA;NA;0;0;0;0;4;4;2;0;1;0;0;0;0.363041579;0;0;NA;
3d1979da-72eb-40f7-b17e-bf50d6e59a26;12;06.08.2013;4;4;3;0;1;0;0;NA;0.349;NA;NA;NA;2.352;NA;NA;0;0.117609197;0;0;4;4;3;0;0;0;0;0;0;0;0;NA;
64a6bf97-bd1f-433b-a912-9294c2752f8f;13;06.08.2013;4;5;1;0;0;0;0;NA;0.386;NA;NA;NA;NA;NA;NA;0;0;0;0;4;5;1;0;0;0;0;0;0;0;0;NA;
016aa1ea-3e70-4ede-ae13-ae311d017944;14;06.08.2013;4;5;2;0;0;0;0;NA;0.386;NA;NA;NA;NA;NA;NA;0;0;0;0;4;5;2;0;0;0;0;0;0;0;0;NA;
01b61769-73c6-477a-8e39-7b24d66315ab;15;06.08.2013;4;5;3;0;1;0;0;NA;0.386;NA;NA;NA;2.613;NA;NA;0;0.13066967;0;0;4;5;3;0;0;0;0;0;0;0;0;NA;
e9ceb082-3fc6-46d9-9cca-1248d0571f93;16;06.08.2013;4;6;1;11;0;1;0;2.069;NA;0.226;NA;10.606;NA;1.485;NA;5.83310213;0;0.074236048;0;4;6;1;1;8;0;0;0.454777242;2.395857643;0;0;NA;
a935243c-c69b-477b-81fe-023830f7b40b;17;06.08.2013;4;6;2;1;1;1;0;2.069;0.855;0.226;NA;10.606;5.988;1.485;NA;0.530282012;0.299408755;0.074236048;0;4;6;2;4;3;0;0;1.819108969;0.898446616;0;0;lengde_copepode_tatt_fra_gjensomsnitt_periode_2_og_3;
3d9f6bd9-1f62-478c-a49c-ff4c6eaba77a;18;06.08.2013;4;6;3;4;0;0;0;2.069;NA;0.226;NA;10.606;NA;NA;NA;2.121128047;0;0;0;4;6;3;4;1;0;0;1.819108969;0.299482205;0;0;NA;
6c429873-540f-4109-8ce8-6bd1c500b13c;19;06.08.2013;4;7;1;0;37;39;0;NA;0.757;0.325;NA;NA;5.272;1.598;NA;0;9.75395223;3.115395825;0;4;7;1;0;165;108;0;0;51.43735623;8.599681223;0;NA;
8bd04d22-2f48-4fb2-9333-4204f8e35f74;20;06.08.2013;4;7;2;0;36;67;0;NA;0.757;0.325;NA;NA;5.272;1.598;NA;0;9.490331899;5.352090264;0;4;7;2;0;109;139;0;0;33.97982927;11.06810824;0;NA;
aa557078-2d5c-47ed-a8ca-bf80a0930e6f;21;06.08.2013;4;7;3;0;81;119;0;NA;0.757;0.325;NA;NA;5.272;1.598;NA;0;21.35324677;9.505951365;0;4;7;3;0;131;138;0;0;40.83814343;10.98848156;0;1_dapnnia_sletta_fra_prove._Sans._Forurensning_i_sil;
a4d495a0-57e7-4fff-9b3a-59e630d60a25;22;07.08.2013;4;8;1;0;0;7;0;NA;NA;0.219;NA;NA;NA;1.475;NA;0;0;0.516100464;0;4;8;1;0;0;0;0;0;0;0;0;ikke_foto_av_naupili_har_brukt_gj.snitt_storrelse_fra_dam_9;
32b14039-42f9-47ea-a606-7ab91838178f;23;07.08.2013;4;8;2;0;0;2;0;NA;NA;0.219;NA;NA;NA;1.475;NA;0;0;0.147457275;0;4;8;2;0;0;0;0;0;0;0;0;ikke_foto_av_naupili_har_brukt_gj.snitt_storrelse_fra_dam_10;
d5052338-13dc-471d-b0a6-81d367f24735;24;07.08.2013;4;8;3;0;1;13;0;NA;0.973;0.219;NA;NA;6.852;1.475;NA;0;0.342580172;0.95847229;0;4;8;3;0;0;0;0;0;0;0;0;ikke_foto_av_naupili_eller_copepode_har_brukt_gj.snitt_storrelse_fra_dan_9;
e041d878-5b2a-42ba-9a38-447132c1092b;25;07.08.2013;4;9;1;0;0;20;0;NA;NA;0.219;NA;NA;NA;1.475;NA;0;0;1.474572754;0;4;9;1;0;0;44;0;0;0;3.17904037;0;ikke_foto_av_naupili_har_brukt_gj.snitt_storrelse_periode_2_og_3;
b9814ad8-f0ad-4dd4-90f0-fef4d910de96;26;07.08.2013;4;9;2;0;0;0;0;NA;NA;NA;NA;NA;NA;NA;NA;0;0;0;0;4;9;2;0;0;8;0;0;0;0.57800734;0;NA;
15333749-bc48-4fa2-b2d3-3077d7c486b9;27;07.08.2013;4;9;3;0;0;0;0;NA;NA;NA;NA;NA;NA;NA;NA;0;0;0;0;4;9;3;0;0;2;0;0;0;0.144501835;0;NA;
76e8568e-59ac-4e0b-8337-d9ad078a0f9b;28;10.08.2013;4;10;1;3;36;15;0;0.721;0.787;0.291;NA;2.905;5.494;1.562;NA;0.435757385;9.888789702;1.171508553;0;4;10;1;0;4;1;0;0;1.215450841;0.080351705;0;NA;
ac8dc1bd-deb1-40df-a3e0-b2334fcae426;29;10.08.2013;4;10;2;1;40;16;0;0.721;0.787;0.291;NA;2.905;5.494;1.562;NA;0.145252462;10.98754411;1.249609123;0;4;10;2;0;19;2;0;0;5.773391497;0.160703409;0;NA;
8a324919-68f2-4aa1-9cd1-bbc96759be8f;30;10.08.2013;4;10;3;3;36;17;0;0.721;0.787;0.291;NA;2.905;5.494;1.562;NA;0.435757385;9.888789702;1.327709694;0;4;10;3;0;6;3;0;0;1.823176262;0.241055114;0;NA;
131b0d4d-80e9-49ed-a75c-bb61048bde02;31;10.08.2013;4;11;1;118;0;0;0;1.844;NA;NA;NA;9.207;NA;NA;NA;54.32323174;0;0;0;4;11;1;141;0;0;0;61.6154782;0;0;0;NA;
5400c613-02e1-4ef9-9310-6a97f0cf8645;32;10.08.2013;4;11;2;140;0;0;0;1.844;NA;NA;NA;9.207;NA;NA;NA;64.4512919;0;0;0;4;11;2;90;0;0;0;39.32902864;0;0;0;NA;
b7bce928-d0fb-452d-a2f2-9974f231821a;33;10.08.2013;4;11;3;327;0;0;0;1.844;NA;NA;NA;9.207;NA;NA;NA;150.5398032;0;0;0;4;11;3;280;0;0;0;122.356978;0;0;0;NA;
74dc34a4-ee7e-4af2-84b2-f54ecb65b704;34;10.08.2013;4;12;1;13;0;0;0;2.148;NA;NA;NA;11.106;NA;NA;NA;7.219069372;0;0;0;4;12;1;75;0;0;0;44.03442155;0;0;0;NA;
2f915f32-7bfc-49b8-88ce-248b4acc1b65;35;10.08.2013;4;12;2;5;0;0;0;2.148;NA;NA;NA;11.106;NA;NA;NA;2.776565143;0;0;0;4;12;2;32;0;0;0;18.78801986;0;0;0;NA;
d37c459f-79b6-4da6-895e-807812a8f636;36;10.08.2013;4;12;3;3;0;0;0;2.148;NA;NA;NA;11.106;NA;NA;NA;1.665939086;0;0;0;4;12;3;25;0;0;0;14.67814052;0;0;0;NA;
ceedcd90-df6a-4a6a-9b5a-e1b514b0ec32;37;10.08.2013;4;13;1;0;57;7;0;NA;0.732;0.295;NA;NA;5.094;1.567;NA;0;14.51779502;0.548527994;0;4;13;1;0;160;54;0;0;39.28772748;4.031319167;0;1_daphnia_sletta_fra_data._Sans_forurensning_i_sil;
2e8fab25-c92a-4dcd-a618-3a7ad8417184;38;10.08.2013;4;13;2;0;43;20;0;NA;0.732;0.295;NA;NA;5.094;1.567;NA;0;10.9520208;1.567222841;0;4;13;2;0;283;87;0;0;69.49016799;6.494903102;0;NA;
914f1b50-a40b-4f0e-b1ad-644593830ef2;39;10.08.2013;4;13;3;0;69;19;0;NA;0.732;0.295;NA;NA;5.094;1.567;NA;0;17.57417292;1.488861699;0;4;13;3;0;160;53;0;0;39.28772748;3.956665108;0;NA;
73613d2d-d9b3-468a-a8ca-4f24136bdf3e;40;10.08.2013;4;14;1;4;0;0;0;1.582;NA;NA;NA;7.628;NA;NA;NA;1.52553141;0;0;0;4;14;1;42;0;0;0;16.78907182;0;0;0;NA;
195a45c2-d89f-469d-814e-e435b2a01d0c;41;10.08.2013;4;14;2;74;0;0;0;1.582;NA;NA;NA;7.628;NA;NA;NA;28.22233109;0;0;0;4;14;2;63;0;0;0;25.18360772;0;0;0;NA;
3320e747-010a-4b30-9f61-2ef7ec358a79;42;10.08.2013;4;14;3;12;0;0;0;1.582;NA;NA;NA;7.628;NA;NA;NA;4.576594231;0;0;0;4;14;3;104;0;0;0;41.57293973;0;0;0;NA;
f3bbfcf2-6fa8-4154-9882-f161792a92ce;43;10.08.2013;4;15;1;21;17;0;0;1.358;0.746;NA;NA;6.321;5.194;NA;NA;6.636725314;4.415238715;0;0;4;15;1;33;18;0;0;9.567204854;4.762364273;0;0;NA;
8446dde7-d394-4810-aba5-e0b198a191c4;44;10.08.2013;4;15;2;49;28;0;0;1.358;0.746;NA;NA;6.321;5.194;NA;NA;15.4856924;7.272157883;0;0;4;15;2;52;22;1;0;15.07559553;5.820667445;0.079315743;0;NA;
036c2286-af67-496b-ab96-e28b7e9b7627;45;10.08.2013;4;15;3;10;6;0;0;1.358;0.746;NA;NA;6.321;5.194;NA;NA;3.160345387;1.558319546;0;0;4;15;3;49;21;0;0;14.20584963;5.556091652;0;0;NA;
eb8cc518-a6fc-460e-bf0d-3af12c362747;46;10.08.2013;4;16;1;14;0;0;0;2.146;NA;NA;NA;11.09;NA;NA;NA;7.762756768;0;0;0;4;16;1;17;1;0;0;10.12978518;0.235730856;0;0;NA;
ba2eb4c7-9a6a-4ede-ac34-722be729ab32;47;10.08.2013;4;16;2;11;0;0;0;2.146;NA;NA;NA;11.09;NA;NA;NA;6.099308889;0;0;0;4;16;2;25;0;0;0;14.89674292;0;0;0;NA;
7c05666c-90e6-4918-aa3d-8402d3ec936b;48;10.08.2013;4;16;3;31;0;0;0;2.146;NA;NA;NA;11.09;NA;NA;NA;17.18896142;0;0;0;4;16;3;4;0;0;0;2.383478867;0;0;0;NA;
3c233b1a-d14e-4008-b99d-cf7a1305847a;49;10.08.2013;4;17;1;1;0;0;0;2.103;NA;NA;NA;10.822;NA;NA;NA;0.541109545;0;0;0;4;17;1;73;0;0;0;38.04142189;0;0;0;NA;
624d5d0c-72c0-4542-a2d2-abf6ee4fecbc;50;10.08.2013;4;17;2;5;0;0;0;2.103;NA;NA;NA;10.822;NA;NA;NA;2.705547725;0;0;0;4;17;2;45;0;0;0;23.45019157;0;0;0;NA;
73f8bf32-cdfa-454c-8397-75bcd8d81ab4;51;10.08.2013;4;17;3;11;0;0;0;2.103;NA;NA;NA;10.822;NA;NA;NA;5.952204995;0;0;0;4;17;3;21;0;0;0;10.94342273;0;0;0;NA;
47ece903-fbec-4f16-b029-813925f20d92;52;10.08.2013;4;18;1;175;119;0;0;1.949;1.106;NA;NA;9.852;7.833;NA;NA;86.20668656;46.60398199;0;0;4;18;1;110;131;0;0;46.92287734;45.70382964;0;0;NA;
8553597a-1816-4009-be66-75caefe54305;53;10.08.2013;4;18;2;7;99;0;0;1.949;1.106;NA;NA;9.852;7.833;NA;NA;3.448267462;38.77137998;0;0;4;18;2;201;72;23;0;85.74089406;25.11966209;1.893860027;0;NA;
75d8ffa0-c713-43f5-b337-16cb70c68427;54;10.08.2013;4;18;3;127;121;0;0;1.949;1.106;NA;NA;9.852;7.833;NA;NA;62.56142396;47.3872422;0;0;4;18;3;192;67;7;0;81.90174955;23.37524111;0.576392182;0;NA;
a5bafe92-df03-49aa-9d0d-1b3d2598c1fc;55;10.08.2013;4;19;1;0;68;0;0;NA;0.756;NA;NA;NA;5.27;NA;NA;0;17.91888037;0;0;4;19;1;2;40;73;0;0.596446675;9.794587653;5.544000258;0;NA;
855f703d-9c7c-49bd-b854-a4bfb8bf53cb;56;10.08.2013;4;19;2;0;197;0;0;NA;0.756;NA;NA;NA;5.27;NA;NA;0;51.91205047;0;0;4;19;2;0;366;73;0;0;89.62047703;5.544000258;0;NA;
3273b0a8-e259-4a4e-80ee-982677a37163;57;10.08.2013;4;19;3;0;42;0;0;NA;0.756;NA;NA;NA;5.27;NA;NA;0;11.06754376;0;0;4;19;3;0;55;30;0;0;13.46755802;2.27835627;0;NA;
60c95da7-37e2-437b-9c4d-5cf7e57bbe26;58;10.08.2013;4;20;1;55;13;0;0;1.24;0.908;NA;NA;5.656;6.375;NA;NA;15.55482886;4.143715194;0;0;4;20;1;31;28;12;0;11.15364991;11.59115268;0.96794532;0;NA;
9414ec9b-05d9-44f5-8636-d872d10df378;59;10.08.2013;4;20;2;50;11;0;0;1.24;0.908;NA;NA;5.656;6.375;NA;NA;14.14075351;3.506220549;0;0;4;20;2;41;17;24;0;14.75160149;7.037485556;1.935890639;0;NA;
fb9f62c1-f72a-4eda-9061-748c91ba47ee;60;10.08.2013;4;20;3;11;11;0;0;1.24;0.908;NA;NA;5.656;6.375;NA;NA;3.110965772;3.506220549;0;0;4;20;3;51;38;22;0;18.34955307;15.73085007;1.774566419;0;NA;
f1970454-2c73-4e52-ac5d-f12674c6f32f;61;11.08.2013;4;21;1;20;138;195;0;2.079;1.237;0.391;NA;10.665;8.798;1.659;NA;10.66481448;60.70776075;16.17494064;0;4;21;1;66;133;1042;0;34.62489755;52.13927402;78.74923874;0;NA;
a8265075-b1ec-4fc5-9f1f-6cad23f8f33c;62;11.08.2013;4;21;2;321;100;24;0;2.079;1.237;0.391;NA;10.665;8.798;1.659;NA;171.1702724;43.99113098;1.990761925;0;4;21;2;5;40;915;0;2.623098299;15.68098467;69.15120292;0;NA;
64152b94-22c3-4fca-acec-43ce2f2f6130;63;11.08.2013;4;21;3;206;406;9;0;2.079;1.237;0.391;NA;10.665;8.798;1.659;NA;109.8475891;178.6039918;0.746535722;0;4;21;3;9;109;976;0;4.721576939;42.73068322;73.76128312;0;NA;
4c2a1d71-4a8c-4b71-bbfa-62581c7aca41;64;01.08.2013;3;1;1;11;102;43;0;1.062;0.822;0.222;NA;4.672;5.75;1.479;NA;2.56965285;29.32534301;3.180135685;0;3;1;1;0;191;46;0;0;53.50598402;3.583002279;0;NA;
239ffdbc-72f9-47dc-91e8-90f3bc6d77ab;65;01.08.2013;3;1;2;11;100;55;0;1.062;0.822;0.222;NA;4.672;5.75;1.479;NA;2.56965285;28.75033629;4.067615411;0;3;1;2;3;123;46;0;1.258525403;34.45673317;3.583002279;0;NA;
d0945734-186f-4026-b952-0db141369cde;66;01.08.2013;3;1;3;7;125;40;0;1.062;0.822;0.222;NA;4.672;5.75;1.479;NA;1.635233632;35.93792036;2.958265754;0;3;1;3;210;25;0;0;88.09677824;7.00340105;0;0;NA;
8c3f836a-f3ed-4b01-885d-3ea1b1146791;67;01.08.2013;3;2;1;0;0;0;2;NA;0.58;NA;0.759;NA;NA;NA;15.275;0;0;0;1.527461874;3;2;1;0;0;0;31;0;0;0;17.99842658;NA;
40b3d8ef-a278-453a-9df1-88fd567504cf;68;01.08.2013;3;2;2;0;0;0;5;NA;0.58;NA;0.759;NA;NA;NA;15.275;0;0;0;3.818654684;3;2;2;0;0;0;41;0;0;0;23.80437063;NA;
94561b86-8cf5-4fb6-968a-0d881b11bbe3;69;01.08.2013;3;2;3;0;5;0;3;NA;0.58;NA;0.759;NA;4;NA;15.275;0;0.999893368;0;2.29119281;3;2;3;0;0;0;117;0;0;0;67.92954547;NA;
1117402c-eef9-4392-99b9-295789b6de8a;70;31.07.2013;3;3;1;0;105;47;0;NA;0.714;0.313;NA;NA;4.962;1.585;NA;0;26.05147227;3.725836731;0;3;3;1;0;9;5;0;0;2.041437736;0.386948005;0;NA;
7e0056b3-ccce-4358-92ff-08f30e2a746d;71;31.07.2013;3;3;2;0;105;46;0;NA;0.714;0.313;NA;NA;4.962;1.585;NA;0;26.05147227;3.646563609;0;3;3;2;0;44;54;0;0;9.980362263;4.179038449;0;NA;
ae806dc9-3232-46dc-b5ef-a565359cac54;72;31.07.2013;3;3;3;0;45;45;0;NA;0.714;0.313;NA;NA;4.962;1.585;NA;0;11.16491669;3.567290487;0;3;3;3;0;28;31;0;0;6.351139622;2.399077628;0;NA;
9a7da7bc-e594-4a04-9b7a-7698a0cb481f;73;31.07.2013;3;4;1;0;1;0;0;NA;1.029;NA;NA;NA;7.261;NA;NA;0;0.363041579;0;0;3;4;1;0;0;0;0;0;0;0;0;NA;
a210627f-9a77-4c39-8674-a944ff6a4928;74;31.07.2013;3;4;2;0;0;0;0;NA;1.029;NA;NA;NA;NA;NA;NA;0;0;0;0;3;4;2;0;0;0;0;0;0;0;0;NA;
8225974a-82ca-4c1a-bb25-950263fc148f;75;31.07.2013;3;4;3;0;0;0;0;NA;1.029;NA;NA;NA;NA;NA;NA;0;0;0;0;3;4;3;0;2;1;0;0;0.347192099;0.078042527;0;NA;
3a013a5c-8ccb-4c0e-9aec-5d7b01591b3f;76;31.07.2013;3;5;1;0;0;0;0;NA;NA;NA;NA;NA;NA;NA;NA;0;0;0;0;3;5;1;0;0;0;0;0;0;0;0;NA;
dc328a19-3486-496a-9c16-f53f82d9fe63;77;31.07.2013;3;5;2;0;0;0;0;NA;NA;NA;NA;NA;NA;NA;NA;0;0;0;0;3;5;2;0;0;0;0;0;0;0;0;NA;
afc2c6e7-e750-48f6-9815-a745bdb8c567;78;31.07.2013;3;5;3;0;0;0;0;NA;NA;NA;NA;NA;NA;NA;NA;0;0;0;0;3;5;3;0;1;0;0;0;0.130744619;0;0;NA;
1b945898-8467-4011-8491-3bdc652a87c2;79;31.07.2013;3;6;1;1;8;0;0;1.826;0.855;NA;NA;9.096;5.99;NA;NA;0.454777242;2.395857643;0;0;3;6;1;48;1;2;0;19.42951095;0.299404659;0.162157941;0;NA;
57dcb8a1-5c14-4068-b7e5-9ff60843cfb8;80;31.07.2013;3;6;2;4;3;0;0;1.826;0.855;NA;NA;9.096;5.99;NA;NA;1.819108969;0.898446616;0;0;3;6;2;40;1;1;0;16.19125912;0.299404659;0.08107897;0;NA;
e7ad768c-910a-4947-89f1-c92db82fc1f5;81;31.07.2013;3;6;3;4;1;0;0;1.826;0.855;NA;NA;9.096;5.99;NA;NA;1.819108969;0.299482205;0;0;3;6;3;55;8;9;0;22.2629813;2.395237269;0.729710734;0;NA;
1b58879c-fb63-4d27-9d99-a82b7a3bf138;82;31.07.2013;3;7;1;0;165;108;0;NA;0.889;0.32;NA;NA;6.235;1.593;NA;0;51.43735623;8.599681223;0;3;7;1;0;84;181;0;0;18.80525863;13.70072128;0;NA;
8fab153f-bae7-4204-8713-713bc69ab9f5;83;31.07.2013;3;7;2;0;109;139;0;NA;0.889;0.32;NA;NA;6.235;1.593;NA;0;33.97982927;11.06810824;0;3;7;2;0;47;117;0;0;10.52198995;8.856267347;0;NA;
f0d1e265-d85a-4c35-a929-415e1cedeeb1;84;31.07.2013;3;7;3;0;131;138;0;NA;0.889;0.32;NA;NA;6.235;1.593;NA;0;40.83814343;10.98848156;0;3;7;3;0;62;132;0;0;13.88007184;9.991686238;0;NA;
65f44df1-8ff0-4897-a8c9-0798af67d37a;85;01.08.2013;3;8;1;0;0;0;0;NA;NA;NA;NA;NA;NA;NA;NA;0;0;0;0;3;8;1;0;0;1;0;0;0;0.073728638;0;NA;
9767b37a-3e3f-4823-8e85-9766208dd23c;86;01.08.2013;3;8;2;0;0;0;0;NA;NA;NA;NA;NA;NA;NA;NA;0;0;0;0;3;8;2;0;0;0;0;0;0;0;0;NA;
2ef7138f-ba95-4a50-b0b4-1bb65e3d2c17;87;01.08.2013;3;8;3;0;0;0;0;NA;NA;NA;NA;NA;NA;NA;NA;0;0;0;0;3;8;3;0;0;0;0;0;0;0;0;NA;
96c251b7-43ff-4027-8718-2fb236ddf7e7;88;01.08.2013;3;9;1;0;0;44;0;NA;NA;0.198;NA;NA;NA;1.445;NA;0;0;3.17904037;0;3;9;1;0;1;0;0;0;0.284753636;0;0;NA;
e5c63e18-73f1-4dc7-a4e9-2e9c887ee36d;89;01.08.2013;3;9;2;0;0;8;0;NA;NA;0.198;NA;NA;NA;1.445;NA;0;0;0.57800734;0;3;9;2;0;1;1;0;0;0.284753636;0.075060721;0;NA;
d670e8ad-8898-459b-ab31-57a7438909f2;90;01.08.2013;3;9;3;0;0;2;0;NA;NA;0.198;NA;NA;NA;1.445;NA;0;0;0.144501835;0;3;9;3;0;0;0;0;0;0;0;0;NA;
9c8d5e1e-8047-4fb4-ae79-d02221db1f50;91;04.08.2013;3;10;1;0;4;1;0;NA;0.867;0.334;NA;NA;6.077;1.607;NA;0;1.215450841;0.080351705;0;3;10;1;0;73;15;0;0;22.71417334;1.174483876;0;NA;
2e962aec-798f-4455-981b-be0dc579b7c4;92;04.08.2013;3;10;2;0;19;2;0;NA;0.867;0.334;NA;NA;6.077;1.607;NA;0;5.773391497;0.160703409;0;3;10;2;0;60;12;0;0;18.66918356;0.939587101;0;NA;
82220371-a517-4681-a991-98b8b945d30e;93;04.08.2013;3;10;3;0;6;3;0;NA;0.867;0.334;NA;NA;6.077;1.607;NA;0;1.823176262;0.241055114;0;3;10;3;0;25;3;0;0;7.778826485;0.234896775;0;NA;
5aaf2310-e213-4350-a543-3511b1b39a13;94;04.08.2013;3;11;1;141;0;0;0;1.768;NA;NA;NA;8.74;NA;NA;NA;61.6154782;0;0;0;3;11;1;227;0;0;0;70.02489112;0;0;0;NA;
094d4388-450a-4253-9f85-11b9956bdb9d;95;04.08.2013;3;11;2;90;0;0;0;1.768;NA;NA;NA;8.74;NA;NA;NA;39.32902864;0;0;0;3;11;2;312;0;0;0;96.24566533;0;0;0;NA;
3438a32d-e969-4e41-b4e3-bcc80a16134d;96;04.08.2013;3;11;3;280;0;0;0;1.768;NA;NA;NA;8.74;NA;NA;NA;122.356978;0;0;0;3;11;3;236;0;0;0;72.80120839;0;0;0;NA;
eb9ead90-49cc-43ae-8c14-1b5eb41eb2d3;97;04.08.2013;3;12;1;75;0;0;0;2.248;NA;NA;NA;11.743;NA;NA;NA;44.03442155;0;0;0;3;12;1;144;0;0;0;74.32511419;0;0;0;NA;
df7806e9-7e80-4267-8813-4a0e9a806d94;98;04.08.2013;3;12;2;32;0;0;0;2.248;NA;NA;NA;11.743;NA;NA;NA;18.78801986;0;0;0;3;12;2;74;0;0;0;38.19485035;0;0;0;NA;
48894630-cc0b-43d5-9e57-67462ac136b7;99;04.08.2013;3;12;3;25;0;0;0;2.248;NA;NA;NA;11.743;NA;NA;NA;14.67814052;0;0;0;3;12;3;117;0;0;0;60.38915528;0;0;0;NA;
4daf9e59-ccf7-4b85-aa4b-f6dfc11aa198;100;04.08.2013;3;13;1;0;160;54;0;NA;0.707;0.233;NA;NA;4.911;1.493;NA;0;39.28772748;4.031319167;0;3;13;1;0;118;8;0;0;33.00182679;0.585359433;0;NA;
a6778a14-c0c8-4bfd-8ae5-1ee9faeddbdd;101;04.08.2013;3;13;2;0;283;87;0;NA;0.707;0.233;NA;NA;4.911;1.493;NA;0;69.49016799;6.494903102;0;3;13;2;0;67;19;0;0;18.73832538;1.390228652;0;NA;
558eb0ed-f810-4a22-abf9-5cc4a39ac2b6;102;04.08.2013;3;13;3;0;160;53;0;NA;0.707;0.233;NA;NA;4.911;1.493;NA;0;39.28772748;3.956665108;0;3;13;3;0;98;64;0;0;27.40829683;4.68287546;0;NA;
0d49987e-d20e-4c2f-97e9-bdf6796b708d;103;04.08.2013;3;14;1;42;0;0;0;1.644;NA;NA;NA;7.995;NA;NA;NA;16.78907182;0;0;0;3;14;1;29;0;0;0;6.498198835;0;0;0;NA;
395ed857-573a-418f-88fd-d992142ff49d;104;04.08.2013;3;14;2;63;0;0;0;1.644;NA;NA;NA;7.995;NA;NA;NA;25.18360772;0;0;0;3;14;2;96;0;0;0;21.5112789;0;0;0;NA;
6dcef91f-e0c1-4bbb-b669-9904c88b98a0;105;04.08.2013;3;14;3;104;0;0;0;1.644;NA;NA;NA;7.995;NA;NA;NA;41.57293973;0;0;0;3;14;3;68;0;0;0;15.23715589;0;0;0;NA;
6ab220cd-039c-417e-af97-816ad800b930;106;04.08.2013;3;15;1;33;18;0;0;1.266;0.759;0.313;NA;5.798;5.292;NA;NA;9.567204854;4.762364273;0;0;3;15;1;2;13;0;0;0.25922878;3.139692598;0;0;NA;
8fa038f9-837f-4bc5-9fe5-f6bff501ce71;107;04.08.2013;3;15;2;52;22;1;0;1.266;0.759;0.313;NA;5.798;5.292;1.586;NA;15.07559553;5.820667445;0.079315743;0;3;15;2;3;12;0;0;0.38884317;2.898177783;0;0;NA;
83965d31-9892-475e-a6ec-c6ab7edc1bb0;108;04.08.2013;3;15;3;49;21;0;0;1.266;0.759;0.313;NA;5.798;5.292;NA;NA;14.20584963;5.556091652;0;0;3;15;3;0;17;7;0;0;4.105751859;0.487275206;0;NA;
b6b05b6d-17fa-4a65-8474-03e557494462;109;04.08.2013;3;16;1;17;1;0;0;2.275;0.68;NA;NA;11.917;4.715;NA;NA;10.12978518;0.235730856;0;0;3;16;1;21;0;0;0;11.78739807;0;0;0;NA;
b716a9c7-f3de-468d-b9a1-ad39efacf470;110;04.08.2013;3;16;2;25;0;0;0;2.275;0.68;NA;NA;11.917;NA;NA;NA;14.89674292;0;0;0;3;16;2;29;0;0;0;16.27783543;0;0;0;NA;
49a1c45d-da24-4318-a245-75c83f43ae71;111;04.08.2013;3;16;3;4;0;0;0;2.275;0.68;NA;NA;11.917;NA;NA;NA;2.383478867;0;0;0;3;16;3;16;0;0;0;8.98087472;0;0;0;NA;
2425f9fe-bb15-4c31-b3e6-da3ff7c24be2;112;04.08.2013;3;17;1;73;0;0;0;2.04;NA;NA;NA;10.422;NA;NA;NA;38.04142189;0;0;0;3;17;1;21;0;0;0;7.893804004;0;0;0;NA;
b43c350a-709d-4147-a391-0964bd6ce38a;113;04.08.2013;3;17;2;45;0;0;0;2.04;NA;NA;NA;10.422;NA;NA;NA;23.45019157;0;0;0;3;17;2;41;10;0;0;15.41171258;2.357830252;0;0;NA;
fe35a043-f4c2-431f-ae71-27abac2c216e;114;04.08.2013;3;17;3;21;0;0;0;2.04;NA;NA;NA;10.422;NA;NA;NA;10.94342273;0;0;0;3;17;3;7;2;0;0;2.631268001;0.47156605;0;0;NA;
bc171155-aae5-46e6-88cd-c271aa3f87a8;115;04.08.2013;3;18;1;110;131;0;0;1.733;0.99;0.377;NA;8.531;6.978;NA;NA;46.92287734;45.70382964;0;0;3;18;1;364;160;0;0;107.8012718;53.4887761;0;0;NA;
20b0d33f-f3ae-4693-8534-b613b3eb23ae;116;04.08.2013;3;18;2;201;72;23;0;1.733;0.99;0.377;NA;8.531;6.978;1.647;NA;85.74089406;25.11966209;1.893860027;0;3;18;2;264;164;0;0;78.18553781;54.82599551;0;0;NA;
e6051207-033a-4af0-aa2b-9d5bce00228b;117;04.08.2013;3;18;3;192;67;7;0;1.733;0.99;0.377;NA;8.531;6.978;1.647;NA;81.90174955;23.37524111;0.576392182;0;3;18;3;660;172;0;0;195.4638445;57.50043431;0;0;NA;
377c7ac4-0f51-4944-ad57-81eb52679d43;118;04.08.2013;3;19;1;2;40;73;0;1.295;0.705;0.253;NA;5.964;4.897;1.519;NA;0.596446675;9.794587653;5.544000258;0;3;19;1;0;14;10;0;0;3.027458961;0.815937179;0;NA;
994fa5c3-ef02-43e9-948b-35dd3fa3cd2c;119;04.08.2013;3;19;2;0;366;73;0;1.295;0.705;0.253;NA;NA;4.897;1.519;NA;0;89.62047703;5.544000258;0;3;19;2;0;15;13;0;0;3.24370603;1.060718333;0;NA;
cc569b2a-8390-4ca0-b9fa-c30436a2dca8;120;04.08.2013;3;19;3;0;55;30;0;1.295;0.705;0.253;NA;NA;4.897;1.519;NA;0;13.46755802;2.27835627;0;3;19;3;0;16;16;0;0;3.459953099;1.305499487;0;NA;
d82e849c-ff98-43cd-acab-8859046164f4;121;04.08.2013;3;20;1;31;28;12;0;1.509;1.167;0.34;NA;7.196;8.279;1.613;NA;11.15364991;11.59115268;0.96794532;0;3;20;1;59;25;2;0;15.27591843;9.941762447;0.155998651;0;ikke_bilde_av_daphn_i_foto._Brukt_gj.snitt_fra_periode_1;2_og_4
16e3239d-8317-4c06-b711-d92cca05e6bc;122;04.08.2013;3;20;2;41;17;24;0;1.509;1.167;0.34;NA;7.196;8.279;1.613;NA;14.75160149;7.037485556;1.935890639;0;3;20;2;182;43;0;0;47.12232465;17.09983141;0;0;ikke_bilde_av_daphn_i_foto._Brukt_gj.snitt_fra_periode_1;2_og_5
2db4af3c-e5af-43a3-87c9-748e1dce3246;123;04.08.2013;3;20;3;51;38;22;0;1.509;1.167;0.34;NA;7.196;8.279;1.613;NA;18.34955307;15.73085007;1.774566419;0;3;20;3;21;60;0;0;5.437191306;23.86022987;0;0;ikke_bilde_av_daphn_i_foto._Brukt_gj.snitt_fra_periode_1;2_og_6
f4aa5e7e-5ce3-4bd7-b802-1e245dbd8bb9;124;05.08.2013;3;21;1;66;133;1042;0;2.051;1.107;0.247;NA;10.492;7.84;1.512;NA;34.62489755;52.13927402;78.74923874;0;3;21;1;52;124;1320;0;24.86819517;36.95956798;97.16528225;0;NA;
164817f2-1dc7-470c-bcac-73be5b8e227c;125;05.08.2013;3;21;2;5;40;915;0;2.051;1.107;0.247;NA;10.492;7.84;1.512;NA;2.623098299;15.68098467;69.15120292;0;3;21;2;74;79;1072;0;35.38935466;23.54682153;78.9099868;0;NA;
219de6f5-afb9-458e-b285-1807944d7b5e;126;05.08.2013;3;21;3;9;109;976;0;2.051;1.107;0.247;NA;10.492;7.84;1.512;NA;4.721576939;42.73068322;73.76128312;0;3;21;3;19;58;489;0;9.086455926;17.28753986;35.99532047;0;NA;
9eb78d40-fdec-4624-8e49-9952b5d07956;127;26.07.2013;2;1;1;0;191;46;0;NA;0.802;0.287;NA;NA;5.603;1.558;NA;0;53.50598402;3.583002279;0;2;1;1;1;98;98;0;0.233944898;16.52750871;7.769929319;0;NA;
71eb6ce5-6c04-41d0-9eff-2e95a0db0118;128;26.07.2013;2;1;2;3;123;46;0;1.71;0.802;0.287;NA;8.39;5.603;1.558;NA;1.258525403;34.45673317;3.583002279;0;2;1;2;0;12;12;0;0;2.023776577;0.951419917;0;NA;
cd79eeb1-5008-4544-9c1f-04d497fc7f18;129;26.07.2013;2;1;3;0;25;0;0;1.71;0.802;0.287;NA;NA;5.603;NA;NA;0;7.00340105;0;0;2;1;3;0;12;12;0;0;2.023776577;0.951419917;0;NA;
00db05e5-1677-486e-8282-f255dc3835d4;130;25.07.2013;2;2;1;0;0;0;31;NA;NA;NA;0.617;NA;NA;NA;11.612;0;0;0;17.99842658;2;2;1;0;0;0;50;0;0;0;27.32293519;NA;
46107206-78a8-46f5-b0af-9bd0ac26764d;131;25.07.2013;2;2;2;0;0;0;41;NA;NA;NA;0.617;NA;NA;NA;11.612;0;0;0;23.80437063;2;2;2;0;0;0;30;0;0;0;16.39376111;NA;
42aca55d-0da8-4450-b829-db3253b5b96f;132;25.07.2013;2;2;3;0;0;0;117;NA;NA;NA;0.617;NA;NA;NA;11.612;0;0;0;67.92954547;2;2;3;0;0;0;30;0;0;0;16.39376111;NA;
d741b53a-db9a-4225-a43e-2f9c16ed19d8;133;25.07.2013;2;3;1;0;9;5;0;NA;0.655;0.278;NA;NA;4.537;1.548;NA;0;2.041437736;0.386948005;0;2;3;1;0;5;1;0;0;1.0201039;0.074259592;0;NA;
e93c035b-4d3b-4f96-9b7c-cea315ff0370;134;25.07.2013;2;3;2;0;44;54;0;NA;0.655;0.278;NA;NA;4.537;1.548;NA;0;9.980362263;4.179038449;0;2;3;2;0;4;12;0;0;0.81608312;0.891115107;0;NA;
7cb37b05-72f4-4775-879e-9b45f250677d;135;25.07.2013;2;3;3;0;28;31;0;NA;0.655;0.278;NA;NA;4.537;1.548;NA;0;6.351139622;2.399077628;0;2;3;3;0;2;26;0;0;0.40804156;1.930749398;0;NA;
84c39ece-5b12-4758-a8d3-fae902ddd205;136;25.07.2013;2;4;1;0;0;0;0;NA;0.507;0.29;NA;NA;NA;NA;NA;0;0;0;0;2;4;1;NA;NA;NA;NA;NA;NA;NA;NA;NA;
b2f7bd30-f3fd-4869-b096-ded7b0efde1a;137;25.07.2013;2;4;2;0;2;1;0;NA;0.507;0.29;NA;NA;3.472;1.561;NA;0;0.347192099;0.078042527;0;2;4;2;0;0;0;0;0;0;0;0;NA;
30687fd3-b02a-4027-bd22-413b5a90314a;138;25.07.2013;2;4;3;0;5;0;0;NA;0.507;0.29;NA;NA;3.472;NA;NA;0;0.867980247;0;0;2;4;3;0;1;0;0;0;0.272124804;0;0;NA;
46c01b8b-7553-422c-8a42-a757df168906;139;25.07.2013;2;5;1;0;0;0;0;NA;NA;NA;NA;NA;NA;NA;NA;0;0;0;0;2;5;1;0;0;0;0;0;0;0;0;bosmina_(tre_stk)_fjernet_fra_data_da_sansyn_forurens_fra_dam_2;
09c76a97-53f2-4841-9040-beaa624d0026;140;25.07.2013;2;5;2;0;0;0;0;NA;NA;NA;NA;NA;NA;NA;NA;0;0;0;0;2;5;2;0;2;0;0;0;0.261489239;0;0;NA;
1de8e20f-8ad7-4871-98d2-a36ca53704a7;141;25.07.2013;2;5;3;0;1;0;0;NA;0.386;NA;NA;NA;2.615;NA;NA;0;0.130744619;0;0;2;5;3;0;2;2;0;0;0.261489239;0.157538013;0;2_bosmina_sletta;_forurensning_i_sil._Lengde_copepode_tat_fra_periode_4
0fdbaef8-7403-44dd-9ce4-6e045391159c;142;25.07.2013;2;6;1;48;1;2;0;1.661;0.855;0.349;NA;8.096;5.988;1.622;NA;19.42951095;0.299404659;0.162157941;0;2;6;1;7;0;0;0;2.004153383;0;0;0;NA;
5dd8fe12-99ae-4650-85fd-3d43c89c93c8;143;25.07.2013;2;6;2;40;1;1;0;1.661;0.855;0.349;NA;8.096;5.988;1.622;NA;16.19125912;0.299404659;0.08107897;0;2;6;2;18;0;0;0;5.153537271;0;0;0;NA;
70fb88d0-af8d-4583-97e2-347adbde08c7;144;25.07.2013;2;6;3;55;8;9;0;1.661;0.855;0.349;NA;8.096;5.988;1.622;NA;22.2629813;2.395237269;0.729710734;0;2;6;3;18;0;0;0;5.153537271;0;0;0;NA;
09ebf066-2dc5-41ca-8d7c-271f0cdfe14d;145;25.07.2013;2;7;1;0;84;181;0;NA;0.647;0.249;NA;NA;4.477;1.514;NA;0;18.80525863;13.70072128;0;2;7;1;0;28;94;0;0;7.296939753;7.195368507;0;NA;
cdf9a373-80bc-478c-b663-62e7b96393f2;146;25.07.2013;2;7;2;0;47;117;0;NA;0.647;0.249;NA;NA;4.477;1.514;NA;0;10.52198995;8.856267347;0;2;7;2;0;33;119;0;0;8.599964709;9.109030344;0;NA;
b4759d26-a8a9-4d20-8e16-1a701cbc7911;147;25.07.2013;2;7;3;0;62;132;0;NA;0.647;0.249;NA;NA;4.477;1.514;NA;0;13.88007184;9.991686238;0;2;7;3;0;11;66;0;0;2.866654903;5.05206725;0;NA;
750ed7a9-06e3-4312-bc9a-fbcaa0e1d76d;148;26.07.2013;2;8;1;0;0;1;0;NA;NA;0.219;NA;NA;NA;1.475;NA;0;0;0.073728638;0;2;8;1;0;0;0;0;0;0;0;0;ikke_foto_av_naupili_har_brukt_gj.snitt_storrelse_fra_dam_9;
a59011f0-9307-4d50-a40c-9896a2c54117;149;26.07.2013;2;8;2;0;0;0;0;NA;NA;NA;NA;NA;NA;NA;NA;0;0;0;0;2;8;2;0;1;6;0;0;0.34240078;0.446567001;0;NA;
f0baf7ba-7836-4943-9c4a-1794f6427857;150;26.07.2013;2;8;3;0;0;0;0;NA;NA;NA;NA;NA;NA;NA;NA;0;0;0;0;2;8;3;0;9;5;0;0;3.081607022;0.372139168;0;NA;
3f91f3a4-7833-4873-8891-1408d3e73ef2;151;26.07.2013;2;9;1;0;1;0;0;NA;0.815;0.239;NA;NA;5.695;NA;NA;0;0.284753636;0;0;2;9;1;0;0;0;0;0;0;0;0;1_daphnia_og_1_bosmina_sletta_fra_prove_sans_forurensing_i_sil;
64802786-2188-4f8e-bfb4-0ed8edfa11ce;152;26.07.2013;2;9;2;0;1;1;0;NA;0.815;0.239;NA;NA;5.695;1.501;NA;0;0.284753636;0.075060721;0;2;9;2;0;0;0;0;0;0;0;0;1_bosmina_sletta._Sans_forurensning_i_sil;
fe15c787-5a52-454a-aa2a-76aeca1cfbc3;153;26.07.2013;2;9;3;0;0;0;0;NA;0.815;0.239;NA;NA;NA;NA;NA;0;0;0;0;2;9;3;0;2;0;0;0;0.569658632;0;0;NA;
46d5994e-9949-427c-8b8f-eeba1c60c3e5;154;29.07.2013;2;10;1;0;73;15;0;NA;0.887;0.294;NA;NA;6.223;1.566;NA;0;22.71417334;1.174483876;0;2;10;1;0;43;13;0;0;10.41630038;1.027575693;0;NA;
757afffc-eb62-40a7-8600-57f6a954c94d;155;29.07.2013;2;10;2;0;60;12;0;NA;0.887;0.294;NA;NA;6.223;1.566;NA;0;18.66918356;0.939587101;0;2;10;2;0;10;0;0;0;2.422395437;0;0;NA;
99a0ff2a-129f-4e54-afd3-2e57c2955e11;156;29.07.2013;2;10;3;0;25;3;0;NA;0.887;0.294;NA;NA;6.223;1.566;NA;0;7.778826485;0.234896775;0;2;10;3;6;120;42;0;1.047247157;29.06874524;3.31985993;0;NA;
c4852de4-ba9c-4028-907a-5ad92bbe4f7a;157;29.07.2013;2;11;1;227;0;0;0;1.331;NA;NA;NA;6.17;NA;NA;NA;70.02489112;0;0;0;2;11;1;286;0;0;0;84.15894628;0;0;0;NA;
e90f5588-3874-4925-abc9-8ce8f3069217;158;29.07.2013;2;11;2;312;0;0;0;1.331;NA;NA;NA;6.17;NA;NA;NA;96.24566533;0;0;0;2;11;2;128;0;0;0;37.66554239;0;0;0;NA;
ad8159d2-3992-433f-bd00-c432f83c0d71;159;29.07.2013;2;11;3;236;0;0;0;1.331;NA;NA;NA;6.17;NA;NA;NA;72.80120839;0;0;0;2;11;3;139;0;0;0;40.90242494;0;0;0;NA;
ded0d924-218d-460d-90f4-2f5ecd212ea0;160;29.07.2013;2;12;1;144;0;0;0;2.024;NA;NA;NA;10.323;NA;NA;NA;74.32511419;0;0;0;2;12;1;11;0;0;0;3.859427075;0;0;0;NA;
feaf02c3-47d5-46a0-abf6-308dd3208029;161;29.07.2013;2;12;2;74;0;0;0;2.024;NA;NA;NA;10.323;NA;NA;NA;38.19485035;0;0;0;2;12;2;16;0;0;0;5.613712109;0;0;0;NA;
5347fd5d-9a84-4000-85fe-99a5050aa320;162;29.07.2013;2;12;3;117;0;0;0;2.024;NA;NA;NA;10.323;NA;NA;NA;60.38915528;0;0;0;2;12;3;33;0;0;0;11.57828122;0;0;0;NA;
05101fd7-7c85-4aee-bd9a-b4961d7fb2e9;163;29.07.2013;2;13;1;0;118;8;0;NA;0.801;0.211;NA;NA;5.594;1.463;NA;0;33.00182679;0.585359433;0;2;13;1;0;304;100;0;0;66.98320154;7.819576969;0;NA;
e032184d-146f-4aa8-8184-0b382506c426;164;29.07.2013;2;13;2;0;67;19;0;NA;0.801;0.211;NA;NA;5.594;1.463;NA;0;18.73832538;1.390228652;0;2;13;2;0;352;71;0;0;77.55949652;5.551899648;0;NA;
d7556705-81ce-4813-975d-67c6c06a1350;165;29.07.2013;2;13;3;0;98;64;0;NA;0.801;0.211;NA;NA;5.594;1.463;NA;0;27.40829683;4.68287546;0;2;13;3;0;177;147;0;0;39.00008774;11.49477814;0;NA;
ef359df2-f07f-46dc-a3aa-73aee996761e;166;29.07.2013;2;14;1;29;0;0;0;1.026;NA;NA;NA;4.482;NA;NA;NA;6.498198835;0;0;0;2;14;1;110;0;0;0;30.86833479;0;0;0;NA;
c780394d-b3e1-4150-91c2-e67f061ea716;167;29.07.2013;2;14;2;96;0;0;0;1.026;NA;NA;NA;4.482;NA;NA;NA;21.5112789;0;0;0;2;14;2;60;5;0;0;16.83727352;1.101697394;0;0;NA;
eb498ed9-dc7f-431a-a8b9-d5febd56806f;168;29.07.2013;2;14;3;68;0;0;0;1.026;NA;NA;NA;4.482;NA;NA;NA;15.23715589;0;0;0;2;14;3;45;4;0;0;12.62795514;0.881357915;0;0;NA;
4ce72bb4-5ad8-42c3-838e-0bb0f4968fd2;169;29.07.2013;2;15;1;2;13;0;0;0.657;0.696;0.165;NA;2.592;4.83;NA;NA;0.25922878;3.139692598;0;0;2;15;1;5;105;19;0;0.808657875;26.70198212;1.559055885;0;NA;
06a42d1e-7207-4bc8-bf60-f450fb4cd314;170;29.07.2013;2;15;2;3;12;0;0;0.657;0.696;0.165;NA;2.592;4.83;NA;NA;0.38884317;2.898177783;0;0;2;15;2;10;58;1;0;1.617315749;14.74966631;0.082055573;0;NA;
53a06b1f-5b71-4e8b-a621-8f8fc494585c;171;29.07.2013;2;15;3;0;17;7;0;0.657;0.696;0.165;NA;NA;4.83;1.392;NA;0;4.105751859;0.487275206;0;2;15;3;6;13;4;0;0.97038945;3.305959691;0.328222292;0;NA;
ec85e780-db37-4617-aa1c-a71a5b06eb5f;172;29.07.2013;2;16;1;21;0;0;0;2.167;NA;NA;NA;11.226;NA;NA;NA;11.78739807;0;0;0;2;16;1;24;0;0;0;11.05083546;0;0;0;NA;
6315b41d-6ef5-4ee1-85b8-fe93d7f5ce89;173;29.07.2013;2;16;2;29;0;0;0;2.167;NA;NA;NA;11.226;NA;NA;NA;16.27783543;0;0;0;2;16;2;37;0;0;0;17.03670467;0;0;0;NA;
cbbb83ee-dfc8-4190-8dc4-9cce50db689d;174;29.07.2013;2;16;3;16;0;0;0;2.167;NA;NA;NA;11.226;NA;NA;NA;8.98087472;0;0;0;2;16;3;70;1;0;0;32.23160343;0.396881236;0;0;NA;
5616654b-bbc5-4e27-a24f-a26782df56a6;175;29.07.2013;2;17;1;21;0;0;0;1.564;0.68;NA;NA;7.518;NA;NA;NA;7.893804004;0;0;0;2;17;1;35;0;0;0;16.33447425;0;0;0;NA;
f1322e56-49aa-41e3-8408-57efbfb77552;176;29.07.2013;2;17;2;41;10;0;0;1.564;0.68;NA;NA;7.518;4.716;NA;NA;15.41171258;2.357830252;0;0;2;17;2;37;0;0;0;17.26787278;0;0;0;NA;
fd5a3cbc-e287-44a5-a013-0f182a86ab18;177;29.07.2013;2;17;3;7;2;0;0;1.564;0.68;NA;NA;7.518;4.716;NA;NA;2.631268001;0.47156605;0;0;2;17;3;124;0;0;0;57.87070876;0;0;0;NA;
a34d7939-fc43-4420-ac99-b4596266c17f;178;29.07.2013;2;18;1;364;160;0;0;1.288;0.95;NA;NA;5.923;6.686;NA;NA;107.8012718;53.4887761;0;0;2;18;1;254;147;2;0;63.51634952;49.65569431;0.152344295;0;NA;
1fea3ef3-0f03-4bda-a34c-3c42e953160a;179;29.07.2013;2;18;2;264;164;0;0;1.288;0.95;NA;NA;5.923;6.686;NA;NA;78.18553781;54.82599551;0;0;2;18;2;195;128;1;0;48.7625518;43.23761138;0.076172148;0;NA;
95881575-f2df-41e9-8622-e1396f50348b;180;29.07.2013;2;18;3;660;172;0;0;1.288;0.95;NA;NA;5.923;6.686;NA;NA;195.4638445;57.50043431;0;0;2;18;3;136;93;5;0;34.00875408;31.41482702;0.380860738;0;NA;
0f24336e-1f76-41fa-9b34-aa226a973689;181;29.07.2013;2;19;1;0;14;10;0;NA;0.626;0.36;NA;NA;4.325;1.632;NA;0;3.027458961;0.815937179;0;2;19;1;2;734;0;0;1.740844655;190.9288641;0;0;NA;
7308bdd0-3b42-4d47-932e-4d732af17743;182;29.07.2013;2;19;2;0;15;13;0;NA;0.626;0.36;NA;NA;4.325;1.632;NA;0;3.24370603;1.060718333;0;2;19;2;0;313;0;0;0;81.41789437;0;0;NA;
363de890-d7df-4e4c-bc87-685fb91ff556;183;29.07.2013;2;19;3;0;16;16;0;NA;0.626;0.36;NA;NA;4.325;1.632;NA;0;3.459953099;1.305499487;0;2;19;3;0;368;20;0;0;95.72455312;1.625213523;0;NA;
6459a983-1a4d-4f59-8bf9-4c32147e8f53;184;29.07.2013;2;20;1;59;25;2;0;1.154;1.123;0.289;NA;5.178;7.953;1.56;NA;15.27591843;9.941762447;0.155998651;0;2;20;1;21;14;0;0;11.55595809;5.512108807;0;0;NA;
24a6e52c-b59e-462c-8e13-8639a001d98f;185;29.07.2013;2;20;2;182;43;0;0;1.154;1.123;0.289;NA;5.178;7.953;NA;NA;47.12232465;17.09983141;0;0;2;20;2;74;61;0;0;40.72099516;24.01704552;0;0;NA;
847adb30-0877-467b-a2d5-4746a7b9ef3d;186;29.07.2013;2;20;3;21;60;0;0;1.154;1.123;0.289;NA;5.178;7.953;NA;NA;5.437191306;23.86022987;0;0;2;20;3;22;46;0;0;12.1062418;18.11121465;0;0;NA;
7fc8bb0c-ce8b-4ed2-a391-5b177d2c4ab7;187;30.07.2013;2;21;1;52;124;1320;0;1.902;0.851;0.217;NA;9.565;5.961;1.472;NA;24.86819517;36.95956798;97.16528225;0;2;21;1;5;32;452;0;1.719734722;9.324301586;33.11119947;0;NA;
8b0b8f1f-cf51-4b1c-a220-a52d2ad31dfc;188;30.07.2013;2;21;2;74;79;1072;0;1.902;0.851;0.217;NA;9.565;5.961;1.472;NA;35.38935466;23.54682153;78.9099868;0;2;21;2;13;48;540;0;4.471310276;13.98645238;39.55762769;0;NA;
5163f49f-48f6-4d03-86b0-252ee136c5ab;189;30.07.2013;2;21;3;19;58;489;0;1.902;0.851;0.217;NA;9.565;5.961;1.472;NA;9.086455926;17.28753986;35.99532047;0;2;21;3;8;48;666;0;2.751575555;13.98645238;48.78774081;0;NA;
82e16cea-378c-4263-9ab0-91cafd73e539;190;18.07.2013;1;1;1;1;98;98;0;1.063;0.493;0.313;NA;4.679;3.373;1.586;NA;0.233944898;16.52750871;7.769929319;0;1;1;1;NA;NA;NA;NA;NA;NA;NA;NA;l_daph_mm_er_estimert_fra_gjennomsnitt_periode_2_3_og_4;
7b173d8b-740e-43ac-a682-42e2053e42bd;191;18.07.2013;1;1;2;0;12;12;0;NA;0.493;0.313;NA;NA;3.373;1.586;NA;0;2.023776577;0.951419917;0;1;1;2;NA;NA;NA;NA;NA;NA;NA;NA;NA;
7a393d2c-d2ec-4523-b976-75c4ff51a2d8;192;18.07.2013;1;1;3;0;12;12;0;NA;0.493;0.313;NA;NA;3.373;1.586;NA;0;2.023776577;0.951419917;0;1;1;3;NA;NA;NA;NA;NA;NA;NA;NA;pr?ve_2_slaatt_sammen_med_prove_3._Verdier_for_prove_2_og_tre_er_antall_i_prove_3_delt_paa_2;
6feedf80-c964-46bd-aeff-32f5f6b62f32;193;19.07.2013;1;2;1;0;0;0;50;NA;NA;NA;0.589;NA;NA;NA;10.929;0;0;0;27.32293519;1;2;1;NA;NA;NA;NA;NA;NA;NA;NA;NA;
76e311ad-1522-4312-9d7c-5d5ab99b8957;194;19.07.2013;1;2;2;0;0;0;30;NA;NA;NA;0.589;NA;NA;NA;10.929;0;0;0;16.39376111;1;2;2;NA;NA;NA;NA;NA;NA;NA;NA;NA;
adec4968-d649-4bf3-ba17-1f18ff5b8f3f;195;19.07.2013;1;2;3;0;0;0;30;NA;NA;NA;0.589;NA;NA;NA;10.929;0;0;0;16.39376111;1;2;3;NA;NA;NA;NA;NA;NA;NA;NA;NA;
21542873-4bf0-463b-9a1e-edf5f82fa091;196;20.07.2013;1;3;1;0;5;1;0;NA;0.592;0.227;NA;NA;4.08;1.485;NA;0;1.0201039;0.074259592;0;1;3;1;NA;NA;NA;NA;NA;NA;NA;NA;NA;
c941ad90-6262-44dd-a329-d93596f125d4;197;20.07.2013;1;3;2;0;4;12;0;NA;0.592;0.227;NA;NA;4.08;1.485;NA;0;0.81608312;0.891115107;0;1;3;2;NA;NA;NA;NA;NA;NA;NA;NA;NA;
ba6cb55f-0bd1-40fa-bb40-8362829a88eb;198;20.07.2013;1;3;3;0;2;26;0;NA;0.592;0.227;NA;NA;4.08;1.485;NA;0;0.40804156;1.930749398;0;1;3;3;NA;NA;NA;NA;NA;NA;NA;NA;NA;
260b77c7-7774-4664-aac0-db91b1606a25;199;20.07.2013;1;4;1;0;0;0;0;NA;0.78;0.316;NA;NA;NA;NA;NA;0;0;0;0;1;4;1;NA;NA;NA;NA;NA;NA;NA;NA;NA;
e2eb6ecb-4a7a-410a-b80e-0e39a7df5e5d;200;20.07.2013;1;4;2;0;1;0;0;NA;0.78;0.316;NA;NA;5.442;NA;NA;0;0.272124804;0;0;1;4;2;NA;NA;NA;NA;NA;NA;NA;NA;1_daphn_sletta_fra_prove._San.forurensning_i_sil;
0447e44d-629a-4138-b05c-3e2d0911ffab;201;20.07.2013;1;4;3;0;0;0;0;NA;0.78;0.316;NA;NA;NA;NA;NA;0;0;0;0;1;4;3;NA;NA;NA;NA;NA;NA;NA;NA;1_daphn_sletta_fra_prove._San.forurensning_i_sil;
97210da6-b7f3-47cd-a043-0d8fa84a81a7;202;20.07.2013;1;5;1;0;0;0;0;NA;NA;NA;NA;NA;NA;NA;NA;0;0;0;0;1;5;1;NA;NA;NA;NA;NA;NA;NA;NA;NA;
9afc0cc8-5534-4faa-b19e-ed139e7d0040;203;20.07.2013;1;5;2;0;2;0;0;NA;0.386;NA;NA;NA;2.615;NA;NA;0;0.261489239;0;0;1;5;2;NA;NA;NA;NA;NA;NA;NA;NA;ingen_copepode_i_bilde;_estimert_fra_periode_4
ec37e812-0b8e-478d-b567-d05a9ce0a1a7;204;20.07.2013;1;5;3;0;2;2;0;NA;0.386;0.303;NA;NA;2.615;1.575;NA;0;0.261489239;0.157538013;0;1;5;3;NA;NA;NA;NA;NA;NA;NA;NA;ingen_copepode_i_bilde;_estimert_fra_periode_5._naupili_estimert_fr_asnitt_dam_4
6b53de85-9564-487c-9f02-4914b95e38e0;205;20.07.2013;1;6;1;7;0;0;0;1.253;NA;0.261;NA;5.726;NA;NA;NA;2.004153383;0;0;0;1;6;1;NA;NA;NA;NA;NA;NA;NA;NA;NA;
d5b85936-bfea-4c6b-9f0a-9718635fe8f8;206;20.07.2013;1;6;2;18;0;0;0;1.253;NA;0.261;NA;5.726;NA;NA;NA;5.153537271;0;0;0;1;6;2;NA;NA;NA;NA;NA;NA;NA;NA;NA;
f85d1bfa-bfb0-4d0f-a055-2a349049a51c;207;20.07.2013;1;6;3;18;0;0;0;1.253;NA;0.261;NA;5.726;NA;NA;NA;5.153537271;0;0;0;1;6;3;NA;NA;NA;NA;NA;NA;NA;NA;NA;
38f6cc9f-c697-41a5-89ed-46e161fc179b;208;20.07.2013;1;7;1;0;28;94;0;NA;0.748;0.263;NA;NA;5.212;1.531;NA;0;7.296939753;7.195368507;0;1;7;1;NA;NA;NA;NA;NA;NA;NA;NA;NA;
3875f173-5edb-498e-810f-99ff00666bf2;209;20.07.2013;1;7;2;0;33;119;0;NA;0.748;0.263;NA;NA;5.212;1.531;NA;0;8.599964709;9.109030344;0;1;7;2;NA;NA;NA;NA;NA;NA;NA;NA;NA;
0726382a-577e-4c14-b9ed-87b3d1bcf07a;210;20.07.2013;1;7;3;0;11;66;0;NA;0.748;0.263;NA;NA;5.212;1.531;NA;0;2.866654903;5.05206725;0;1;7;3;NA;NA;NA;NA;NA;NA;NA;NA;NA;
e365edda-540d-4f65-b4ea-d38b712f6684;211;21.07.2013;1;8;1;0;0;0;0;NA;0.973;0.229;NA;NA;NA;NA;NA;0;0;0;0;1;8;1;NA;NA;NA;NA;NA;NA;NA;NA;NA;
b05816e5-ff53-4166-a152-8b1e11ad8216;212;21.07.2013;1;8;2;0;1;6;0;NA;0.973;0.229;NA;NA;6.848;1.489;NA;0;0.34240078;0.446567001;0;1;8;2;NA;NA;NA;NA;NA;NA;NA;NA;NA;
a559b0e5-c169-49bf-ab36-7cc016c5ece8;213;21.07.2013;1;8;3;0;9;5;0;NA;0.973;0.229;NA;NA;6.848;1.489;NA;0;3.081607022;0.372139168;0;1;8;3;NA;NA;NA;NA;NA;NA;NA;NA;NA;
1641f372-1f5d-44e7-9a4a-bbcd076839c6;214;21.07.2013;1;9;1;0;0;0;0;NA;NA;NA;NA;NA;NA;NA;NA;0;0;0;0;1;9;1;NA;NA;NA;NA;NA;NA;NA;NA;NA;
871589a4-7457-46b9-8f7e-3df58d87a8ba;215;21.07.2013;1;9;2;0;0;0;0;NA;NA;NA;NA;NA;NA;NA;NA;0;0;0;0;1;9;2;NA;NA;NA;NA;NA;NA;NA;NA;2_daphn_sletta_fra_prove._Sans_forurensning_i_sil;
81068045-a0b0-49e5-90a6-d057ce4eb282;216;21.07.2013;1;9;3;0;2;0;0;NA;0.815;NA;NA;NA;5.697;NA;NA;0;0.569658632;0;0;1;9;3;NA;NA;NA;NA;NA;NA;NA;NA;ikke_foto_av_copepode_i_prove._Brukt_gj.snitt_av_periode_2;
043a499d-92c3-4f76-bc7d-f6fdd52a5efb;217;23.07.2013;1;10;1;0;43;13;0;0.838;0.698;0.308;NA;NA;4.845;1.581;NA;0;10.41630038;1.027575693;0;1;10;1;NA;NA;NA;NA;NA;NA;NA;NA;NA;
31c342d7-2d2d-4dc7-8294-304337e1a6ae;218;23.07.2013;1;10;2;0;10;0;0;0.838;0.698;0.308;NA;NA;4.845;NA;NA;0;2.422395437;0;0;1;10;2;NA;NA;NA;NA;NA;NA;NA;NA;NA;
cda48520-3e9c-444a-a7c6-0a8cc99fe6e7;219;23.07.2013;1;10;3;6;120;42;0;0.838;0.698;0.308;NA;3.491;4.845;1.581;NA;1.047247157;29.06874524;3.31985993;0;1;10;3;NA;NA;NA;NA;NA;NA;NA;NA;NA;
45d1b681-d083-4525-ab55-d626db622d41;220;23.07.2013;1;11;1;286;0;0;0;1.281;NA;NA;NA;5.885;NA;NA;NA;84.15894628;0;0;0;1;11;1;NA;NA;NA;NA;NA;NA;NA;NA;NA;
ee75dab1-3da5-4e47-9fb7-c76f32694340;221;23.07.2013;1;11;2;128;0;0;0;1.281;NA;NA;NA;5.885;NA;NA;NA;37.66554239;0;0;0;1;11;2;NA;NA;NA;NA;NA;NA;NA;NA;NA;
fcaf9b1e-443a-46c3-8694-d83504077044;222;23.07.2013;1;11;3;139;0;0;0;1.281;NA;NA;NA;5.885;NA;NA;NA;40.90242494;0;0;0;1;11;3;NA;NA;NA;NA;NA;NA;NA;NA;NA;
7c8083a8-bb13-435c-a47f-609b7d0a6897;223;23.07.2013;1;12;1;11;0;0;0;1.478;NA;NA;NA;7.017;NA;NA;NA;3.859427075;0;0;0;1;12;1;NA;NA;NA;NA;NA;NA;NA;NA;NA;
4cd2f2f2-7f87-4991-9334-752d44df36ad;224;23.07.2013;1;12;2;16;0;0;0;1.478;NA;NA;NA;7.017;NA;NA;NA;5.613712109;0;0;0;1;12;2;NA;NA;NA;NA;NA;NA;NA;NA;NA;
28ef4b60-125f-40b4-8b10-3f4fc0c6fdd8;225;23.07.2013;1;12;3;33;0;0;0;1.478;NA;NA;NA;7.017;NA;NA;NA;11.57828122;0;0;0;1;12;3;NA;NA;NA;NA;NA;NA;NA;NA;NA;
55dd21e4-a5a9-42bd-9806-8a86524310b7;226;23.07.2013;1;13;1;0;304;100;0;NA;0.637;0.292;NA;NA;4.407;1.564;NA;0;66.98320154;7.819576969;0;1;13;1;NA;NA;NA;NA;NA;NA;NA;NA;NA;
97530d9e-734a-4492-9481-9f53eb2fe47d;227;23.07.2013;1;13;2;0;352;71;0;NA;0.637;0.292;NA;NA;4.407;1.564;NA;0;77.55949652;5.551899648;0;1;13;2;NA;NA;NA;NA;NA;NA;NA;NA;1_daphn_sletta_fra_prove._San.forurensning_i_sil;
9238ffac-940f-44ab-ab24-2294cd9a425d;228;23.07.2013;1;13;3;0;177;147;0;NA;0.637;0.292;NA;NA;4.407;1.564;NA;0;39.00008774;11.49477814;0;1;13;3;NA;NA;NA;NA;NA;NA;NA;NA;NA;
8906d77c-3d5b-4fdc-b540-5f878d77f3a4;229;23.07.2013;1;14;1;110;0;0;0;1.233;NA;NA;NA;5.612;NA;NA;NA;30.86833479;0;0;0;1;14;1;NA;NA;NA;NA;NA;NA;NA;NA;NA;
502970ff-3320-4b0e-819b-8f0802e39916;230;23.07.2013;1;14;2;60;5;0;0;1.233;0.637;NA;NA;5.612;4.407;NA;NA;16.83727352;1.101697394;0;0;1;14;2;NA;NA;NA;NA;NA;NA;NA;NA;ingen_copepode_i_bilde._Bruk_gj.snitt_storrelse_fra_periode_1;_dam_13
bfc7d06f-8cf4-4a90-a88d-c46302855634;231;23.07.2013;1;14;3;45;4;0;0;1.233;0.637;NA;NA;5.612;4.407;NA;NA;12.62795514;0.881357915;0;0;1;14;3;NA;NA;NA;NA;NA;NA;NA;NA;NA;
1271cf75-77fd-4011-aa7a-1aa45ef4ffa9;232;23.07.2013;1;15;1;5;105;19;0;0.787;0.731;0.37;NA;3.235;5.086;1.641;NA;0.808657875;26.70198212;1.559055885;0;1;15;1;NA;NA;NA;NA;NA;NA;NA;NA;NA;
7bcf7e9e-3cca-467c-b866-c09733fa1c9b;233;23.07.2013;1;15;2;10;58;1;0;0.787;0.731;0.37;NA;3.235;5.086;1.641;NA;1.617315749;14.74966631;0.082055573;0;1;15;2;NA;NA;NA;NA;NA;NA;NA;NA;NA;
612ea35e-5366-44ee-a12d-73b5e281627b;234;23.07.2013;1;15;3;6;13;4;0;0.787;0.731;0.37;NA;3.235;5.086;1.641;NA;0.97038945;3.305959691;0.328222292;0;1;15;3;NA;NA;NA;NA;NA;NA;NA;NA;NA;
9ac0bfe9-bb7c-45cf-b45a-e621bf78d32d;235;23.07.2013;1;16;1;24;0;0;0;1.845;1.121;NA;NA;9.209;NA;NA;NA;11.05083546;0;0;0;1;16;1;NA;NA;NA;NA;NA;NA;NA;NA;NA;
fcd12f8c-d7b1-4b61-93d4-b8c309d3e74a;236;23.07.2013;1;16;2;37;0;0;0;1.845;1.121;NA;NA;9.209;NA;NA;NA;17.03670467;0;0;0;1;16;2;NA;NA;NA;NA;NA;NA;NA;NA;NA;
c9a436ef-444f-45ee-9ffa-a1f8d86e4581;237;23.07.2013;1;16;3;70;1;0;0;1.845;1.121;NA;NA;9.209;7.938;NA;NA;32.23160343;0.396881236;0;0;1;16;3;NA;NA;NA;NA;NA;NA;NA;NA;NA;
38ee2a4e-554b-4a7e-a834-e66c5192bcec;238;23.07.2013;1;17;1;35;0;0;0;1.865;NA;NA;NA;9.334;NA;NA;NA;16.33447425;0;0;0;1;17;1;NA;NA;NA;NA;NA;NA;NA;NA;NA;
49089c15-4de0-465a-85ba-670135b53b0a;239;23.07.2013;1;17;2;37;0;0;0;1.865;NA;NA;NA;9.334;NA;NA;NA;17.26787278;0;0;0;1;17;2;NA;NA;NA;NA;NA;NA;NA;NA;NA;
087b2cf1-6900-4c50-9ab7-cee50fcc1cc4;240;23.07.2013;1;17;3;124;0;0;0;1.865;NA;NA;NA;9.334;NA;NA;NA;57.87070876;0;0;0;1;17;3;NA;NA;NA;NA;NA;NA;NA;NA;NA;
665bb65f-5136-4d8c-bc69-5ec98b35cb96;241;23.07.2013;1;18;1;254;147;2;0;1.122;0.96;0.257;NA;5.001;6.756;1.523;NA;63.51634952;49.65569431;0.152344295;0;1;18;1;NA;NA;NA;NA;NA;NA;NA;NA;NA;
3aebda71-eb44-48dc-8a1c-aba5050d07a3;242;23.07.2013;1;18;2;195;128;1;0;1.122;0.96;0.257;NA;5.001;6.756;1.523;NA;48.7625518;43.23761138;0.076172148;0;1;18;2;NA;NA;NA;NA;NA;NA;NA;NA;NA;
43a67496-b3aa-4329-a364-7c68c6bb82c2;243;23.07.2013;1;18;3;136;93;5;0;1.122;0.96;0.257;NA;5.001;6.756;1.523;NA;34.00875408;31.41482702;0.380860738;0;1;18;3;NA;NA;NA;NA;NA;NA;NA;NA;NA;
98e6a7b5-2c95-4995-a1a2-3d59ba62b586;244;23.07.2013;1;19;1;2;734;0;0;3.097;0.747;0.353;NA;17.408;5.202;NA;NA;1.740844655;190.9288641;0;0;1;19;1;NA;NA;NA;NA;NA;NA;NA;NA;NA;
8275a91e-6000-46f0-8c28-8ddb4d8fc57d;245;23.07.2013;1;19;2;0;313;0;0;3.097;0.747;0.353;NA;NA;5.202;NA;NA;0;81.41789437;0;0;1;19;2;NA;NA;NA;NA;NA;NA;NA;NA;NA;
35688334-b044-4de3-980c-44b3f6dbf699;246;23.07.2013;1;19;3;0;368;20;0;3.097;0.747;0.353;NA;NA;5.202;1.625;NA;0;95.72455312;1.625213523;0;1;19;3;NA;NA;NA;NA;NA;NA;NA;NA;NA;
0a34eaae-703e-454d-ba60-58fa738529a0;247;23.07.2013;1;20;1;21;14;0;0;2.132;1.112;NA;NA;11.006;7.874;NA;NA;11.55595809;5.512108807;0;0;1;20;1;NA;NA;NA;NA;NA;NA;NA;NA;NA;
4b22e279-89a1-490a-ad2e-38a5399fc464;248;23.07.2013;1;20;2;74;61;0;0;2.132;1.112;NA;NA;11.006;7.874;NA;NA;40.72099516;24.01704552;0;0;1;20;2;NA;NA;NA;NA;NA;NA;NA;NA;NA;
2858e63d-9f55-4ac7-ab5a-a5643b19d446;249;23.07.2013;1;20;3;22;46;0;0;2.132;1.112;NA;NA;11.006;7.874;NA;NA;12.1062418;18.11121465;0;0;1;20;3;NA;NA;NA;NA;NA;NA;NA;NA;NA;
068b8995-f8a8-48c5-8e4c-61828d497bcf;250;24.07.2013;1;21;1;5;32;452;0;1.455;0.833;0.212;NA;6.879;5.828;1.465;NA;1.719734722;9.324301586;33.11119947;0;1;21;1;NA;NA;NA;NA;NA;NA;NA;NA;NA;
f4750b60-dc4a-4769-9f14-eddff0d8badb;251;24.07.2013;1;21;2;13;48;540;0;1.455;0.833;0.212;NA;6.879;5.828;1.465;NA;4.471310276;13.98645238;39.55762769;0;1;21;2;NA;NA;NA;NA;NA;NA;NA;NA;NA;
fc127644-4d94-48d8-a568-89fed97fdff8;252;24.07.2013;1;21;3;8;48;666;0;1.455;0.833;0.212;NA;6.879;5.828;1.465;NA;2.751575555;13.98645238;48.78774081;0;1;21;3;NA;NA;NA;NA;NA;NA;NA;NA;NA;
